"Quality.temporal","NrPaps","PercPaps"
1,21,10.5527638190955
2,149,74.8743718592965
3,29,14.572864321608
