"Quality.methods","NrPaps","PercPaps"
1,30,5.5045871559633
2,110,20.1834862385321
3,405,74.3119266055046
