"Quality.methods","NrPaps","PercPaps"
1,17,8.5427135678392
2,45,22.6130653266332
3,137,68.8442211055276
