"Quality.spatial","NrPaps","PercPaps"
1,10,5.05050505050505
2,157,79.2929292929293
3,31,15.6565656565657
