"Region","NrPaps","Prop"
"Mediterranean Sea",267,0.493530499075786
"Western Waters",81,0.149722735674677
"Baltic Sea",29,0.0536044362292052
"Barents Sea",8,0.0147874306839187
"North Sea",128,0.236598890942699
"Black Sea",9,0.0166358595194085
"NE-Atlantic",16,0.0295748613678373
"Global",2,0.00369685767097967
"Norwegian Sea",1,0.00184842883548983
